{"cameraMode":{"drawMode":0,"name":"Shaded","section":"Shading Mode"},"sceneLighting":true,"audioPlay":false,"sceneViewState":{"showFog":true,"showMaterialUpdate":false,"showSkybox":true,"showFlares":true,"showImageEffects":true,"showParticleSystems":true},"in2DMode":false,"pivot":{"x":108.73953247070313,"y":1.5275120735168458,"z":108.0750503540039},"rotation":{"x":-0.1452462375164032,"y":0.7301276326179504,"z":-0.16394920647144319,"w":-0.6473517417907715},"size":5.559092998504639,"orthographic":false}