{"cameraMode":{"drawMode":0,"name":"Shaded","section":"Shading Mode"},"sceneLighting":true,"audioPlay":false,"sceneViewState":{"showFog":true,"showMaterialUpdate":false,"showSkybox":true,"showFlares":true,"showImageEffects":true,"showParticleSystems":true},"in2DMode":false,"pivot":{"x":101.13894653320313,"y":1.2394073009490967,"z":104.22799682617188},"rotation":{"x":-0.1452462375164032,"y":0.7301276326179504,"z":-0.16394920647144319,"w":-0.6473517417907715},"size":56.82670211791992,"orthographic":false}